avg_ops,avg_runtime_s,n,stdev_runtime_s,trials
1.0,4.8999980208463965e-06,50,1.2508981839481651e-06,10
1.0,6.541599577758461e-06,100,1.8714990930980131e-06,10
1.0,9.716700878925621e-06,200,5.544260600848303e-07,10
1.0,1.8746100249700248e-05,400,6.131589722479447e-07,10
1.0,3.8300000596791506e-05,800,9.059284211900389e-07,10
