avg_ops,avg_runtime_s,n,ops_ratio_vs_prev,runtime_ratio_vs_prev,stdev_runtime_s,trials
9800.5,0.0005845957486599219,50,,,0.0005812427827733622,20
80850.5,0.004202333401190117,100,,,0.0041980831490290626,20
656700.5,0.03325055210152641,200,8.122404932560714,7.912402212568314,0.03324305051185352,20
5293400.5,0.2858421561992145,400,8.060600684787053,8.596613834453972,0.28584096277290766,20
42506800.5,2.363555647848989,800,8.030150089720209,8.268744118350883,2.363678421899631,20
