Array Size,Avg Runtime (s),Avg Ops
50,0.000811,9800
100,0.005270,80850
200,0.041020,656700
400,0.343202,5293400
800,2.832874,42506800
