avg_ops,avg_runtime_s,n,stdev_runtime_s,trials
19600.0,0.0016178833015146666,50,8.765184630525816e-05,10
161700.0,0.010533971000404563,100,0.0003521591472441156,10
1313400.0,0.08203107090375852,200,0.0014562520815033179,10
10586800.0,0.686385291699844,400,0.014488737657360425,10
85013600.0,5.665708849899238,800,0.12039708437972495,10
