Array Size,Avg Runtime (s),Avg Ops
50,0.000585,9800
100,0.004202,80850
200,0.033251,656700
400,0.285842,5293400
800,2.363556,42506800
